
# system clear; : - used for clear the screen from mysql terminal 


create table student(student_id int , name varchar(12));

insert into student values(101 , "mukesh");

mysql> select * from student;
+------------+-----------+
| student_id | name      |
+------------+-----------+
|        101 | mukesh    |
|        102 | Rishikesh |
|        103 | Kumar     |
+------------+-----------+



mysql> select * from course;
+-----------+-------------+
| course_id | course_name |
+-----------+-------------+
|       101 | CSE         |
|       107 | EEE         |
|       103 | CIVIL       |
|       107 | MECH        |
+-----------+-------------+


# INNER JOIN 

 select * from student inner join course on student.student_id = course_id;



 mysql> select * from student inner join course on student.student_id = course_id;
+------------+--------+-----------+-------------+
| student_id | name   | course_id | course_name |
+------------+--------+-----------+-------------+
|        101 | mukesh |       101 | CSE         |
|        103 | Kumar  |       103 | CIVIL       |
+------------+--------+-----------+-------------+ 


# LEFT JOIN 

mysql> select * from student left join course on student.student_id = course.course_id;
+------------+-----------+-----------+-------------+
| student_id | name      | course_id | course_name |
+------------+-----------+-----------+-------------+
|        101 | mukesh    |       101 | CSE         |
|        102 | Rishikesh |      NULL | NULL        |
|        103 | Kumar     |       103 | CIVIL       |
+------------+-----------+-----------+-------------+


# RIGHT JOIN 

mysql> select * from student right join course on student.name = course_name;
+------------+------+-----------+-------------+
| student_id | name | course_id | course_name |
+------------+------+-----------+-------------+
|       NULL | NULL |       101 | CSE         |
|       NULL | NULL |       107 | EEE         |
|       NULL | NULL |       103 | CIVIL       |
|       NULL | NULL |       107 | MECH        |
+------------+------+-----------+-------------+


or 


mysql> select * from student right join course on student.student_id = course.course_id;
+------------+--------+-----------+-------------+
| student_id | name   | course_id | course_name |
+------------+--------+-----------+-------------+
|        101 | mukesh |       101 | CSE         |
|       NULL | NULL   |       107 | EEE         |
|        103 | Kumar  |       103 | CIVIL       |
|       NULL | NULL   |       107 | MECH        |
+------------+--------+-----------+-------------+
4 rows in set (0.00 sec)




# FULL JOIN OR FULL OUTER JOIN 

mysql> SELECT *
    -> FROM student
    -> LEFT JOIN course ON student.student_id = course.course_id
    ->
    -> UNION
    ->
    -> SELECT *
    -> FROM student
    -> RIGHT JOIN course ON student.student_id = course.course_id;
+------------+-----------+-----------+-------------+
| student_id | name      | course_id | course_name |
+------------+-----------+-----------+-------------+
|        101 | mukesh    |       101 | CSE         |
|        102 | Rishikesh |      NULL | NULL        |
|        103 | Kumar     |       103 | CIVIL       |
|       NULL | NULL      |       107 | EEE         |
|       NULL | NULL      |       107 | MECH        |
+------------+-----------+-----------+-------------+ 

EXAMPLE : 
Table A : - a,b,c;
Table B : - c,d,e

A inner B : - c only , matching value will be come . 

A left B : - a , b ,c , c

A right B : - c , d, e, c  

A outer B : a,b,c,d,e 




 # Left Exclusive Join 

 mysql> select * from student;
+------------+-----------+
| student_id | name      |
+------------+-----------+
|        101 | mukesh    |
|        102 | Rishikesh |
|        103 | Kumar     |
+------------+-----------+


mysql> select * from course;
+-----------+-------------+
| course_id | course_name |
+-----------+-------------+
|       101 | CSE         |
|       107 | EEE         |
|       103 | CIVIL       |
|       107 | MECH        |
+-----------+-------------+
4 rows in set (0.00 sec)


mysql> select * from student left join course on student.student_id = course.course_id where course.course_id is null;
+------------+-----------+-----------+-------------+
| student_id | name      | course_id | course_name |
+------------+-----------+-----------+-------------+
|        102 | Rishikesh |      NULL | NULL        |
+------------+-----------+-----------+-------------+


# Right Exclusive JOin 

mysql> select * from student right join course on student.student_id = course.course_id where course.course_id is null;
Empty set (0.00 sec)

mysql> select * from student right join course on student.student_id = course.course_id where student.student_id is null;
+------------+------+-----------+-------------+
| student_id | name | course_id | course_name |
+------------+------+-----------+-------------+
|       NULL | NULL |       107 | EEE         |
|       NULL | NULL |       107 | MECH        |
+------------+------+-----------+-------------+
2 rows in set (0.00 sec)


# mysql> select * from student;
+------------+-----------+
| student_id | name      |
+------------+-----------+
|        101 | mukesh    |
|        102 | Rishikesh |
|        103 | Kumar     |
|        110 | Rajveer   |
+------------+-----------+

mysql> SELECT * FROM student LEFT JOIN course ON student.student_id = course.course_id WHERE course.course_id IS NULL  UNION   SELECT * FROM student RIGHT JOIN course ON student.student_id = course.course_id WHERE student.student_id IS NULL;
+------------+-----------+-----------+-------------+
| student_id | name      | course_id | course_name |
+------------+-----------+-----------+-------------+
|        102 | Rishikesh |      NULL | NULL        |
|        110 | Rajveer   |      NULL | NULL        |
|       NULL | NULL      |       107 | EEE         |
|       NULL | NULL      |       107 | MECH        |
+------------+-----------+-----------+-------------+



# self join 

mysql> select * from employee;
+-----+---------+-----------+
| id  | name    | manage_id |
+-----+---------+-----------+
| 101 | ramesh  |       103 |
| 102 | ramesha |       102 |
| 103 | rameshk |      NULL |
| 104 | rameshk |       201 |
+-----+---------+-----------+


mysql> select * from employee as a join employee as b on a.id = b.manage_id;
+-----+---------+-----------+-----+---------+-----------+
| id  | name    | manage_id | id  | name    | manage_id |
+-----+---------+-----------+-----+---------+-----------+
| 103 | rameshk |      NULL | 101 | ramesh  |       103 |
| 102 | ramesha |       102 | 102 | ramesha |       102 |
+-----+---------+-----------+-----+---------+-----------+
2 rows in set (0.00 sec)



mysql> select a.name,b.name from employee as a join employee as b on a.id = b.manage_id;
+---------+---------+
| name    | name    |
+---------+---------+
| rameshk | ramesh  |
| ramesha | ramesha |
+---------+---------+   



select distinct from city student; # duplicate value will remove 

 

mysql> select * from student_record;
+-----+-----------+-------+-----------+-------+
| id  | city      | marks | name      | grade |
+-----+-----------+-------+-----------+-------+
| 101 | pune      |   489 | mukesh    | A     |
| 102 | pune      |   484 | rishikesh | A     |
| 103 | Bengaluru |   450 | patel     | A+    |
| 104 | patna     |   350 | Anjali    | B     |
| 105 | Mumbai    |   380 | Sadhna    | A     |
+-----+-----------+-------+-----------+-------+
5 rows in set (0.00 sec)

mysql> select * from student_record limit 3;
+-----+-----------+-------+-----------+-------+
| id  | city      | marks | name      | grade |
+-----+-----------+-------+-----------+-------+
| 101 | pune      |   489 | mukesh    | A     |
| 102 | pune      |   484 | rishikesh | A     |
| 103 | Bengaluru |   450 | patel     | A+    |
+-----+-----------+-------+-----------+-------+
3 rows in set (0.00 sec)



mysql> select distinct city from student_record;
+-----------+
| city      |
+-----------+
| pune      |
| Bengaluru |
| patna     |
| Mumbai    |
+-----------+

mysql> select city from student_record group by city;
+-----------+
| city      |
+-----------+
| pune      |
| Bengaluru |
| patna     |
| Mumbai    |
+-----------+



mysql> select city , count(name) from student_record group by city;
+-----------+-------------+
| city      | count(name) |
+-----------+-------------+
| pune      |           2 |
| Bengaluru |           1 |
| patna     |           1 |
| Mumbai    |           1 |
+-----------+-------------+



mysql> select city , name , count(name) from student_record group by city , name;
+-----------+-----------+-------------+
| city      | name      | count(name) |
+-----------+-----------+-------------+
| pune      | mukesh    |           1 |
| pune      | rishikesh |           1 |
| Bengaluru | patel     |           1 |
| patna     | Anjali    |           1 |
| Mumbai    | Sadhna    |           1 |
+-----------+-----------+-------------+


mysql> select city , avg(marks) from student_record group by city;
+-----------+------------+
| city      | avg(marks) |
+-----------+------------+
| pune      |   486.5000 |
| Bengaluru |   450.0000 |
| patna     |   350.0000 |
| Mumbai    |   380.0000 |
+-----------+------------+




mysql> SELECT name FROM student_record ORDER BY name ASC;
+-----------+
| name      |
+-----------+
| Anjali    |
| mukesh    |
| patel     |
| rishikesh |
| Sadhna    |
+-----------+



mysql> select name from student_record order by name asc;
+-----------+
| name      |
+-----------+
| Anjali    |
| mukesh    |
| patel     |
| rishikesh |
| Sadhna    |
+-----------+



mysql> select city, max(marks) from student_record group by city having max(marks) > 400;
+-----------+------------+
| city      | max(marks) |
+-----------+------------+
| pune      |        489 |
| Bengaluru |        450 |
+-----------+------------+
2 rows in set (0.01 sec)

mysql> select city, max(marks) from student_record group by city having min(marks) > 400;
+-----------+------------+
| city      | max(marks) |
+-----------+------------+
| pune      |        489 |
| Bengaluru |        450 |
+-----------+------------+


# command order : - 

SELECT , FROM , WHERE , GROUP BY , HAVING , ORDER BY. 



mysql> select city, max(marks)
    -> from student_record
    -> where grade = 'a'
    -> group by city
    -> having max(marks) > 400
    -> order by city asc;
+------+------------+
| city | max(marks) |
+------+------------+
| pune |        489 |
+------+------------+


# important command : SET SQL_SAFE_UPDATES = 0; 


mysql> update student_record set grade = '0' where grade = 'A';
Query OK, 3 rows affected (0.02 sec)
Rows matched: 3  Changed: 3  Warnings: 0



mysql> select * from student_record;
+-----+-----------+-------+-----------+-------+
| id  | city      | marks | name      | grade |
+-----+-----------+-------+-----------+-------+
| 101 | pune      |   489 | mukesh    | 0     |
| 102 | pune      |   484 | rishikesh | 0     |
| 103 | Bengaluru |   450 | patel     | A+    |
| 104 | patna     |   350 | Anjali    | B     |
| 105 | Mumbai    |   380 | Sadhna    | 0     |
+-----+-----------+-------+-----------+-------+
5 rows in set (0.00 sec)



mysql> update student_record set marks = 389 where id = 102;
Query OK, 1 row affected (0.01 sec)
Rows matched: 1  Changed: 1  Warnings: 0

mysql> select * from student_record;
+-----+-----------+-------+-----------+-------+
| id  | city      | marks | name      | grade |
+-----+-----------+-------+-----------+-------+
| 101 | pune      |   489 | mukesh    | 0     |
| 102 | pune      |   389 | rishikesh | 0     |
| 103 | Bengaluru |   450 | patel     | A+    |
| 104 | patna     |   350 | Anjali    | B     |
| 105 | Mumbai    |   380 | Sadhna    | 0     |
+-----+-----------+-------+-----------+-------+
5 rows in set (0.00 sec)


# delete : row ke inside data ko delete kr dena . 
# insert : row ke inside data ko fill krna . 



mysql> select * from student_record;
+-----+-----------+-------+-----------+-------+
| id  | city      | marks | name      | grade |
+-----+-----------+-------+-----------+-------+
| 101 | pune      |   489 | mukesh    | 0     |
| 102 | pune      |   389 | rishikesh | 0     |
| 103 | Bengaluru |   450 | patel     | A+    |
| 104 | patna     |   350 | Anjali    | B     |
| 105 | Mumbai    |   380 | Sadhna    | 0     |
| 106 | patna     |    35 | Anjali    | F     |
+-----+-----------+-------+-----------+-------+
6 rows in set (0.00 sec)

mysql> update student_record set marks = 33 where id = 106;
Query OK, 1 row affected (0.01 sec)
Rows matched: 1  Changed: 1  Warnings: 0

mysql> select * from student_record;
+-----+-----------+-------+-----------+-------+
| id  | city      | marks | name      | grade |
+-----+-----------+-------+-----------+-------+
| 101 | pune      |   489 | mukesh    | 0     |
| 102 | pune      |   389 | rishikesh | 0     |
| 103 | Bengaluru |   450 | patel     | A+    |
| 104 | patna     |   350 | Anjali    | B     |
| 105 | Mumbai    |   380 | Sadhna    | 0     |
| 106 | patna     |    33 | Anjali    | F     |
+-----+-----------+-------+-----------+-------+
6 rows in set (0.00 sec)




mysql> select * from student_record;
+-----+-----------+-------+-----------+-------+
| id  | city      | marks | name      | grade |
+-----+-----------+-------+-----------+-------+
| 101 | pune      |   489 | mukesh    | 0     |
| 102 | pune      |   389 | rishikesh | 0     |
| 103 | Bengaluru |   450 | patel     | A+    |
| 104 | patna     |   350 | Anjali    | B     |
| 105 | Mumbai    |   380 | Sadhna    | 0     |
| 106 | patna     |    33 | Anjali    | F     |
+-----+-----------+-------+-----------+-------+
6 rows in set (0.00 sec)

mysql> delete from student_record where id = 106;
Query OK, 1 row affected (0.01 sec)

mysql> select * from student_record;
+-----+-----------+-------+-----------+-------+
| id  | city      | marks | name      | grade |
+-----+-----------+-------+-----------+-------+
| 101 | pune      |   489 | mukesh    | 0     |
| 102 | pune      |   389 | rishikesh | 0     |
| 103 | Bengaluru |   450 | patel     | A+    |
| 104 | patna     |   350 | Anjali    | B     |
| 105 | Mumbai    |   380 | Sadhna    | 0     |
+-----+-----------+-------+-----------+-------+





mysql> create table dept(dept_id INT PRIMARY KEY,   name VARCHAR(50) );
Query OK, 0 rows affected (0.08 sec)

mysql> CREATE TABLE teacher (
    ->   id INT PRIMARY KEY,
    ->   name VARCHAR(25),
    ->   dept_id INT,
    ->   FOREIGN KEY (dept_id) REFERENCES dept(dept_id)
    -> );
Query OK, 0 rows affected (0.10 sec)




CREATE TABLE teacher (
  id INT PRIMARY KEY,
  name VARCHAR(25),
  dept_id INT,
  FOREIGN KEY (dept_id) REFERENCES dept(dept_id)
    ON DELETE CASCADE
    ON UPDATE CASCADE  # : - use for when delete or updating anything , It will work for toghether . 
);


# Important notes : 
delete is used for row but drop is used for table and database



# ALTER command is used for column like add , drop , rename , change , modify 


mysql> desc student;
+------------+-------------+------+-----+---------+-------+
| Field      | Type        | Null | Key | Default | Extra |
+------------+-------------+------+-----+---------+-------+
| student_id | int         | YES  |     | NULL    |       |
| name       | varchar(12) | YES  |     | NULL    |       |
+------------+-------------+------+-----+---------+-------+
2 rows in set (0.01 sec)

mysql> alter table student add age INT;
Query OK, 0 rows affected (0.06 sec)
Records: 0  Duplicates: 0  Warnings: 0

mysql> desc student;
+------------+-------------+------+-----+---------+-------+
| Field      | Type        | Null | Key | Default | Extra |
+------------+-------------+------+-----+---------+-------+
| student_id | int         | YES  |     | NULL    |       |
| name       | varchar(12) | YES  |     | NULL    |       |
| age        | int         | YES  |     | NULL    |       |
+------------+-------------+------+-----+---------+-------+
3 rows in set (0.00 sec)



mysql> alter table student drop column age;
Query OK, 0 rows affected (0.05 sec)
Records: 0  Duplicates: 0  Warnings: 0

mysql> desc student;
+------------+-------------+------+-----+---------+-------+
| Field      | Type        | Null | Key | Default | Extra |
+------------+-------------+------+-----+---------+-------+
| student_id | int         | YES  |     | NULL    |       |
| name       | varchar(12) | YES  |     | NULL    |       |
+------------+-------------+------+-----+---------+-------+
2 rows in set (0.00 sec)



mysql> alter table student add age INT NOT NULL DEFAULT 19;
Query OK, 0 rows affected (0.04 sec)
Records: 0  Duplicates: 0  Warnings: 0

mysql> desc student;
+------------+-------------+------+-----+---------+-------+
| Field      | Type        | Null | Key | Default | Extra |
+------------+-------------+------+-----+---------+-------+
| student_id | int         | YES  |     | NULL    |       |
| name       | varchar(12) | YES  |     | NULL    |       |
| age        | int         | NO   |     | 19      |       |
+------------+-------------+------+-----+---------+-------+
3 rows in set (0.00 sec)



mysql> alter table student modify age varchar(2);
Query OK, 4 rows affected (0.24 sec)
Records: 4  Duplicates: 0  Warnings: 0

mysql> desc student;
+------------+-------------+------+-----+---------+-------+
| Field      | Type        | Null | Key | Default | Extra |
+------------+-------------+------+-----+---------+-------+
| student_id | int         | YES  |     | NULL    |       |
| name       | varchar(12) | YES  |     | NULL    |       |
| age        | varchar(2)  | YES  |     | NULL    |       |
+------------+-------------+------+-----+---------+-------+
3 rows in set (0.00 sec)




mysql> ALTER TABLE student CHANGE age age INT;
Query OK, 4 rows affected (0.21 sec)
Records: 4  Duplicates: 0  Warnings: 0

mysql> desc student;
+------------+-------------+------+-----+---------+-------+
| Field      | Type        | Null | Key | Default | Extra |
+------------+-------------+------+-----+---------+-------+
| student_id | int         | YES  |     | NULL    |       |
| name       | varchar(12) | YES  |     | NULL    |       |
| age        | int         | YES  |     | NULL    |       |
+------------+-------------+------+-----+---------+-------+
3 rows in set (0.00 sec)




mysql> alter table student rename to stu;
Query OK, 0 rows affected (0.06 sec)

mysql> desc stu;
+------------+-------------+------+-----+---------+-------+
| Field      | Type        | Null | Key | Default | Extra |
+------------+-------------+------+-----+---------+-------+
| student_id | int         | YES  |     | NULL    |       |
| name       | varchar(12) | YES  |     | NULL    |       |
| age        | int         | YES  |     | NULL    |       |
+------------+-------------+------+-----+---------+-------+
3 rows in set (0.00 sec)





mysql> alter table stu rename to student;
Query OK, 0 rows affected (0.05 sec)

mysql> desc student;
+------------+-------------+------+-----+---------+-------+
| Field      | Type        | Null | Key | Default | Extra |
+------------+-------------+------+-----+---------+-------+
| student_id | int         | YES  |     | NULL    |       |
| name       | varchar(12) | YES  |     | NULL    |       |
| age        | int         | YES  |     | NULL    |       |
+------------+-------------+------+-----+---------+-------+
3 rows in set (0.01 sec)


mysql> alter table employee drop column emp_location;
Query OK, 0 rows affected (0.05 sec)
Records: 0  Duplicates: 0  Warnings: 0

mysql> select * from employee;
+-----+---------+-----------+
| id  | name    | manage_id |
+-----+---------+-----------+
| 101 | ramesh  |       103 |
| 102 | ramesha |       102 |
| 103 | rameshk |      NULL |
| 104 | rameshk |       201 |
+-----+---------+-----------+
4 rows in set (0.00 sec)




mysql> desc employee;
+------------+-------------+------+-----+---------+-------+
| Field      | Type        | Null | Key | Default | Extra |
+------------+-------------+------+-----+---------+-------+
| id         | int         | NO   | PRI | NULL    |       |
| name       | varchar(25) | YES  |     | NULL    |       |
| manage_id  | int         | YES  |     | NULL    |       |
| emp_salary | int         | YES  |     | NULL    |       |
+------------+-------------+------+-----+---------+-------+
4 rows in set (0.00 sec)

mysql> alter table employee modify emp_salary varchar(13);
Query OK, 4 rows affected (0.16 sec)
Records: 4  Duplicates: 0  Warnings: 0

mysql> desc employee;
+------------+-------------+------+-----+---------+-------+
| Field      | Type        | Null | Key | Default | Extra |
+------------+-------------+------+-----+---------+-------+
| id         | int         | NO   | PRI | NULL    |       |
| name       | varchar(25) | YES  |     | NULL    |       |
| manage_id  | int         | YES  |     | NULL    |       |
| emp_salary | varchar(13) | YES  |     | NULL    |       |
+------------+-------------+------+-----+---------+-------+
4 rows in set (0.01 sec)




mysql> alter table employee change emp_salary emp_account int;


mysql> desc employee;
+-------------+-------------+------+-----+---------+-------+
| Field       | Type        | Null | Key | Default | Extra |
+-------------+-------------+------+-----+---------+-------+
| id          | int         | NO   | PRI | NULL    |       |
| name        | varchar(25) | YES  |     | NULL    |       |
| manage_id   | int         | YES  |     | NULL    |       |
| emp_account | int         | YES  |     | NULL    |       |
+-------------+-------------+------+-----+---------+-------+
4 rows in set (0.00 sec)


# cross join : - 

A CROSS JOIN returns the Cartesian product of two tables, meaning it combines every row from the first table with every row from the second table.

ðŸ“Œ If table A has 3 rows and table B has 4 rows, the result will have 3 Ã— 4 = 12 rows.


mysql> CREATE TABLE colors (
    ->   id INT,
    ->   color VARCHAR(20)
    -> );
Query OK, 0 rows affected (0.20 sec)

mysql> INSERT INTO colors (id, color) VALUES
    -> (1, 'Red'),
    -> (2, 'Green'),
    -> (3, 'Blue');
Query OK, 3 rows affected (0.02 sec)
Records: 3  Duplicates: 0  Warnings: 0

mysql> CREATE TABLE sizes (
    ->   id INT,
    ->   size VARCHAR(20)
    -> );
Query OK, 0 rows affected (0.10 sec)

mysql> INSERT INTO sizes (id, size) VALUES
    -> (1, 'Small'),
    -> (2, 'Medium');
Query OK, 2 rows affected (0.02 sec)
Records: 2  Duplicates: 0  Warnings: 0

mysql> SELECT color, size
    -> FROM colors
    -> CROSS JOIN sizes;
+-------+--------+
| color | size   |
+-------+--------+
| Red   | Medium |
| Red   | Small  |
| Green | Medium |
| Green | Small  |
| Blue  | Medium |
| Blue  | Small  |
+-------+--------+
6 rows in set (0.01 sec)






# turncate : It is used for delete inside the  table data not delete table . but drop delete the table. 

mysql> create view view1 as select name ,id from teacher;
Query OK, 0 rows affected (0.05 sec)

mysql> select * from view1;
Empty set (0.01 sec)


mysql> drop view view1;
Query OK, 0 rows affected (0.03 sec)




# mysql all fields and create tables with all fields : - 


CREATE TABLE users (
    id INT AUTO_INCREMENT PRIMARY KEY,
    name VARCHAR(100),
    age TINYINT,
    email VARCHAR(255),
    is_active BOOLEAN DEFAULT TRUE,
    signup_date DATE,
    last_login DATETIME,
    rating FLOAT(3,2),
    bio TEXT,
    profile_pic BLOB, # profile_pic varchar(255)
    status ENUM('active', 'inactive', 'pending'),
    preferences SET('email', 'sms', 'push'),
    created_at TIMESTAMP DEFAULT CURRENT_TIMESTAMP
);

or 




CREATE TABLE users_one (
    id INT AUTO_INCREMENT PRIMARY KEY,
    name VARCHAR(100),
    age TINYINT,
    email VARCHAR(255),
    is_active BOOLEAN DEFAULT TRUE,
    signup_date DATE,
    last_login DATETIME,
    rating FLOAT(3,2),
    bio TEXT,
    profile_pic varchar(255),
    status ENUM('active', 'inactive', 'pending'),
    preferences SET('email', 'sms', 'push'),
    created_at TIMESTAMP DEFAULT CURRENT_TIMESTAMP
);



INSERT INTO users_one (
    name, age, email, is_active, signup_date, last_login, rating, bio, profile_pic, status, preferences
) VALUES (
    'Johnn Doe', 30, 'john.doe@example.com', TRUE, '2023-05-01', '2023-10-14 12:30:00', 4.5, 'Hello, I am John.', "C:/Users/mukes/Downloads/hero-bg", 'active', 'email,sms'
);



# TRANSACTION COMMIT LANGUGAE IN MYSQL . 


mysql> select * from student_record;
+-----+-----------+-------+-----------+-------+
| id  | city      | marks | name      | grade |
+-----+-----------+-------+-----------+-------+
| 101 | pune      |   489 | mukesh    | 0     |
| 102 | pune      |   389 | rishikesh | 0     |
| 103 | Bengaluru |   450 | patel     | A+    |
| 104 | patna     |   350 | Anjali    | B     |
| 105 | Mumbai    |   380 | Sadhna    | 0     |
+-----+-----------+-------+-----------+-------+
5 rows in set (0.03 sec)

mysql> start transaction;
Query OK, 0 rows affected (0.00 sec)

mysql> insert into student_record values(106,"patna" , 356 ,"chanchal" , "A");
Query OK, 1 row affected (0.00 sec)

mysql> select * from student_record;
+-----+-----------+-------+-----------+-------+
| id  | city      | marks | name      | grade |
+-----+-----------+-------+-----------+-------+
| 101 | pune      |   489 | mukesh    | 0     |
| 102 | pune      |   389 | rishikesh | 0     |
| 103 | Bengaluru |   450 | patel     | A+    |
| 104 | patna     |   350 | Anjali    | B     |
| 105 | Mumbai    |   380 | Sadhna    | 0     |
| 106 | patna     |   356 | chanchal  | A     |
+-----+-----------+-------+-----------+-------+
6 rows in set (0.01 sec)

mysql> delete from student_record where id = 106;
Query OK, 1 row affected (0.01 sec)

mysql> select * from student_record;
+-----+-----------+-------+-----------+-------+
| id  | city      | marks | name      | grade |
+-----+-----------+-------+-----------+-------+
| 101 | pune      |   489 | mukesh    | 0     |
| 102 | pune      |   389 | rishikesh | 0     |
| 103 | Bengaluru |   450 | patel     | A+    |
| 104 | patna     |   350 | Anjali    | B     |
| 105 | Mumbai    |   380 | Sadhna    | 0     |
+-----+-----------+-------+-----------+-------+
5 rows in set (0.00 sec)


mysql> rollback;
Query OK, 0 rows affected (0.01 sec)

mysql> select * from student_record;
+-----+-----------+-------+-----------+-------+
| id  | city      | marks | name      | grade |
+-----+-----------+-------+-----------+-------+
| 101 | pune      |   489 | mukesh    | 0     |
| 102 | pune      |   389 | rishikesh | 0     |
| 103 | Bengaluru |   450 | patel     | A+    |
| 104 | patna     |   350 | Anjali    | B     |
| 105 | Mumbai    |   380 | Sadhna    | 0     |
+-----+-----------+-------+-----------+-------+
5 rows in set (0.00 sec)




mysql> insert into student_record values(106,"patna" , 356 ,"chanchal" , "A");
Query OK, 1 row affected (0.02 sec)

mysql> commit;
Query OK, 0 rows affected (0.00 sec)

mysql> select * from student_record;
+-----+-----------+-------+-----------+-------+
| id  | city      | marks | name      | grade |
+-----+-----------+-------+-----------+-------+
| 101 | pune      |   489 | mukesh    | 0     |
| 102 | pune      |   389 | rishikesh | 0     |
| 103 | Bengaluru |   450 | patel     | A+    |
| 104 | patna     |   350 | Anjali    | B     |
| 105 | Mumbai    |   380 | Sadhna    | 0     |
| 106 | patna     |   356 | chanchal  | A     |
+-----+-----------+-------+-----------+-------+
6 rows in set (0.01 sec)

mysql> rollback;
Query OK, 0 rows affected (0.00 sec)

mysql> select * from student_record;
+-----+-----------+-------+-----------+-------+
| id  | city      | marks | name      | grade |
+-----+-----------+-------+-----------+-------+
| 101 | pune      |   489 | mukesh    | 0     |
| 102 | pune      |   389 | rishikesh | 0     |
| 103 | Bengaluru |   450 | patel     | A+    |
| 104 | patna     |   350 | Anjali    | B     |
| 105 | Mumbai    |   380 | Sadhna    | 0     |
| 106 | patna     |   356 | chanchal  | A     |
+-----+-----------+-------+-----------+-------+
6 rows in set (0.00 sec)

mysql> start transaction;
Query OK, 0 rows affected (0.00 sec)




mysql> delete from student_record where id = 106;
Query OK, 1 row affected (0.00 sec)

mysql> select * from student_record;
+-----+-----------+-------+-----------+-------+
| id  | city      | marks | name      | grade |
+-----+-----------+-------+-----------+-------+
| 101 | pune      |   489 | mukesh    | 0     |
| 102 | pune      |   389 | rishikesh | 0     |
| 103 | Bengaluru |   450 | patel     | A+    |
| 104 | patna     |   350 | Anjali    | B     |
| 105 | Mumbai    |   380 | Sadhna    | 0     |
+-----+-----------+-------+-----------+-------+
5 rows in set (0.00 sec)

mysql> rollback;
Query OK, 0 rows affected (0.01 sec)

mysql> select * from student_record;
+-----+-----------+-------+-----------+-------+
| id  | city      | marks | name      | grade |
+-----+-----------+-------+-----------+-------+
| 101 | pune      |   489 | mukesh    | 0     |
| 102 | pune      |   389 | rishikesh | 0     |
| 103 | Bengaluru |   450 | patel     | A+    |
| 104 | patna     |   350 | Anjali    | B     |
| 105 | Mumbai    |   380 | Sadhna    | 0     |
| 106 | patna     |   356 | chanchal  | A     |
+-----+-----------+-------+-----------+-------+
6 rows in set (0.00 sec)


# start transaction will use every commit for rollback . when you commit then you can not rollback . Always remember . 

savepoint payal; 

rollback to payal;




mysql> create table studentp(id int auto_increment primary key , name varchar(25) , city varchar(20) , marks int);
Query OK, 0 rows affected (0.10 sec)

mysql> desc studentp;
+-------+-------------+------+-----+---------+----------------+
| Field | Type        | Null | Key | Default | Extra          |
+-------+-------------+------+-----+---------+----------------+
| id    | int         | NO   | PRI | NULL    | auto_increment |
| name  | varchar(25) | YES  |     | NULL    |                |
| city  | varchar(20) | YES  |     | NULL    |                |
| marks | int         | YES  |     | NULL    |                |
+-------+-------------+------+-----+---------+----------------+
4 rows in set (0.01 sec)


mysql> insert into studentp (name, city, marks) values ("Rishikesh", "patna", 79); # this command generate automate id. 

mysql> insert into studentp (name, city, marks) values ("Nupur", "patna", 88);
Query OK, 1 row affected (0.05 sec)

mysql> insert into studentp (name, city, marks) values ("Anjali", "Bhubneswar", 83);
Query OK, 1 row affected (0.01 sec)

mysql> insert into studentp (name, city, marks) values ("Nilam", "Bhubneswar", 86);
Query OK, 1 row affected (0.01 sec)

mysql> insert into studentp (name, city, marks) values ("Vikash", "Benagalure", 96);
Query OK, 1 row affected (0.02 sec)

mysql> select * from studentp;
+----+-----------+------------+-------+
| id | name      | city       | marks |
+----+-----------+------------+-------+
|  1 | mukesh    | patna      |    89 |
|  2 | Rishikesh | patna      |    79 |
|  3 | Nupur     | patna      |    88 |
|  4 | Anjali    | Bhubneswar |    83 |
|  5 | Nilam     | Bhubneswar |    86 |
|  6 | Vikash    | Benagalure |    96 |
+----+-----------+------------+-------+



mysql> alter table studentp change column roll roll_name varchar(23);
Query OK, 6 rows affected (0.19 sec)